{
  "strategy": "as",
  "total_days": 31,
  "mean_pnl": 437.3945815951489,
  "std_pnl": 140.6169946198224,
  "sharpe_like": 3.1105385432088486,
  "total_pnl_sum": 13559.232029449617,
  "mean_rebate_share": 0.8533393481807885,
  "mean_inventory_pnl": 89.64595161292146,
  "mean_turnover": 69.5497259964451,
  "mean_drawdown": -0.00048292123722591494,
  "win_days_ratio": 1.0,
  "worst_day_pnl": 138.47454470062803,
  "best_day_pnl": 755.3132413998828,
  "mean_long_ratio": 0.5291448387096773,
  "mean_short_ratio": 0.4638464516129033,
  "mean_position": 0.03172038709676715,
  "mean_average_position": 0.03172038709676715,
  "mean_number_of_trades": 7636.935483870968,
  "tail_risk_ratio": 0.0,
  "rebate_dependency_flag": true,
  "directional_bias_flag": false,
  "stability_flag": true
}