{
  "strategy": "inventory",
  "total_days": 31,
  "mean_pnl": 643.8604330885587,
  "std_pnl": 161.04774583117688,
  "sharpe_like": 3.9979475016279,
  "total_pnl_sum": 19959.67342574532,
  "mean_rebate_share": 1.7828876241148093,
  "mean_inventory_pnl": -261.8024516113788,
  "mean_turnover": 181.1325769399875,
  "mean_drawdown": -0.0005967524565496097,
  "win_days_ratio": 1.0,
  "worst_day_pnl": 159.29322429683816,
  "best_day_pnl": 893.992949458232,
  "mean_long_ratio": 0.49148935483870965,
  "mean_short_ratio": 0.5031725806451612,
  "mean_position": -0.008087487096786968,
  "mean_average_position": -0.008087487096786968,
  "mean_number_of_trades": 19878.25806451613,
  "tail_risk_ratio": 0.0,
  "rebate_dependency_flag": true,
  "directional_bias_flag": false,
  "stability_flag": true
}