{
  "strategy": "robust",
  "total_days": 31,
  "mean_pnl": 532.0114725806343,
  "std_pnl": 205.74352977840783,
  "sharpe_like": 2.5857992868773425,
  "total_pnl_sum": 16492.355649999663,
  "mean_rebate_share": 0.6158059788639938,
  "mean_inventory_pnl": 210.4295430110107,
  "mean_turnover": 64.31638591392449,
  "mean_drawdown": -0.00024974161846987074,
  "win_days_ratio": 1.0,
  "worst_day_pnl": 181.85813592281193,
  "best_day_pnl": 1033.9354623707768,
  "mean_long_ratio": 0.5180338709677419,
  "mean_short_ratio": 0.48003870967741924,
  "mean_position": 0.022206953225906437,
  "mean_average_position": 0.022206953225906437,
  "mean_number_of_trades": 6065.870967741936,
  "tail_risk_ratio": 0.0,
  "rebate_dependency_flag": false,
  "directional_bias_flag": false,
  "stability_flag": true
}