{
  "strategy": "simple",
  "total_days": 31,
  "mean_pnl": 634.2363986628517,
  "std_pnl": 282.7843262133596,
  "sharpe_like": 2.2428272710713215,
  "total_pnl_sum": 19661.328358548402,
  "mean_rebate_share": 1.4441862707112612,
  "mean_inventory_pnl": -286.60049999838833,
  "mean_turnover": 184.16737973224772,
  "mean_drawdown": -0.0013992853985006154,
  "win_days_ratio": 0.967741935483871,
  "worst_day_pnl": -566.6795200026536,
  "best_day_pnl": 1141.754753053785,
  "mean_long_ratio": 0.4907019354838711,
  "mean_short_ratio": 0.5067935483870968,
  "mean_position": -0.013378803225800784,
  "mean_average_position": -0.013378803225800784,
  "mean_number_of_trades": 20329.41935483871,
  "tail_risk_ratio": 0.8934831258460931,
  "rebate_dependency_flag": true,
  "directional_bias_flag": false,
  "stability_flag": true
}